{"cameraMode":{"drawMode":0,"name":"Shaded","section":"Shading Mode"},"sceneLighting":true,"audioPlay":false,"sceneViewState":{"m_AlwaysRefresh":true,"showFog":true,"showSkybox":true,"showFlares":true,"showImageEffects":true,"showParticleSystems":true,"showVisualEffectGraphs":true,"m_FxEnabled":true},"in2DMode":false,"pivot":{"x":0.40865829586982729,"y":1.5495039224624634,"z":2.342442750930786},"rotation":{"x":-0.02367299236357212,"y":0.03423973545432091,"z":0.0008742148638702929,"w":0.9991632103919983},"size":2.0660252571105959,"orthographic":false}